Date,day_length
2013-01-01,375
2013-01-02,377
2013-01-03,379
2013-01-04,381
2013-01-05,384
2013-01-06,386
2013-01-07,389
2013-01-08,392
2013-01-09,395
2013-01-10,398
2013-01-11,401
2013-01-12,405
2013-01-13,408
2013-01-14,412
2013-01-15,415
2013-01-16,419
2013-01-17,423
2013-01-18,427
2013-01-19,431
2013-01-20,435
2013-01-21,439
2013-01-22,444
2013-01-23,448
2013-01-24,452
2013-01-25,457
2013-01-26,461
2013-01-27,466
2013-01-28,470
2013-01-29,475
2013-01-30,480
2013-01-31,485
2013-02-01,489
2013-02-02,494
2013-02-03,499
2013-02-04,504
2013-02-05,509
2013-02-06,514
2013-02-07,519
2013-02-08,524
2013-02-09,529
2013-02-10,534
2013-02-11,539
2013-02-12,545
2013-02-13,550
2013-02-14,555
2013-02-15,560
2013-02-16,565
2013-02-17,571
2013-02-18,576
2013-02-19,581
2013-02-20,586
2013-02-21,592
2013-02-22,597
2013-02-23,602
2013-02-24,607
2013-02-25,613
2013-02-26,618
2013-02-27,623
2013-02-28,629
2013-03-01,634
2013-03-02,639
2013-03-03,645
2013-03-04,650
2013-03-05,655
2013-03-06,661
2013-03-07,666
2013-03-08,671
2013-03-09,677
2013-03-10,682
2013-03-11,687
2013-03-12,693
2013-03-13,698
2013-03-14,703
2013-03-15,709
2013-03-16,714
2013-03-17,719
2013-03-18,725
2013-03-19,730
2013-03-20,735
2013-03-21,741
2013-03-22,746
2013-03-23,751
2013-03-24,757
2013-03-25,762
2013-03-26,767
2013-03-27,773
2013-03-28,778
2013-03-29,783
2013-03-30,789
2013-03-31,794
2013-04-01,799
2013-04-02,805
2013-04-03,810
2013-04-04,815
2013-04-05,821
2013-04-06,826
2013-04-07,831
2013-04-08,837
2013-04-09,842
2013-04-10,847
2013-04-11,853
2013-04-12,858
2013-04-13,863
2013-04-14,868
2013-04-15,874
2013-04-16,879
2013-04-17,884
2013-04-18,889
2013-04-19,895
2013-04-20,900
2013-04-21,905
2013-04-22,910
2013-04-23,915
2013-04-24,921
2013-04-25,926
2013-04-26,931
2013-04-27,936
2013-04-28,941
2013-04-29,946
2013-04-30,951
2013-05-01,956
2013-05-02,961
2013-05-03,966
2013-05-04,971
2013-05-05,976
2013-05-06,981
2013-05-07,986
2013-05-08,991
2013-05-09,995
2013-05-10,1000
2013-05-11,1005
2013-05-12,1009
2013-05-13,1014
2013-05-14,1019
2013-05-15,1023
2013-05-16,1028
2013-05-17,1032
2013-05-18,1036
2013-05-19,1040
2013-05-20,1045
2013-05-21,1049
2013-05-22,1053
2013-05-23,1057
2013-05-24,1061
2013-05-25,1064
2013-05-26,1068
2013-05-27,1072
2013-05-28,1075
2013-05-29,1078
2013-05-30,1082
2013-05-31,1085
2013-06-01,1088
2013-06-02,1091
2013-06-03,1094
2013-06-04,1096
2013-06-05,1099
2013-06-06,1101
2013-06-07,1103
2013-06-08,1105
2013-06-09,1107
2013-06-10,1109
2013-06-11,1111
2013-06-12,1112
2013-06-13,1114
2013-06-14,1115
2013-06-15,1116
2013-06-16,1117
2013-06-17,1117
2013-06-18,1118
2013-06-19,1118
2013-06-20,1118
2013-06-21,1118
2013-06-22,1118
2013-06-23,1118
2013-06-24,1117
2013-06-25,1116
2013-06-26,1115
2013-06-27,1114
2013-06-28,1113
2013-06-29,1112
2013-06-30,1110
2013-07-01,1108
2013-07-02,1107
2013-07-03,1105
2013-07-04,1102
2013-07-05,1100
2013-07-06,1098
2013-07-07,1095
2013-07-08,1092
2013-07-09,1090
2013-07-10,1087
2013-07-11,1084
2013-07-12,1080
2013-07-13,1077
2013-07-14,1074
2013-07-15,1070
2013-07-16,1067
2013-07-17,1063
2013-07-18,1059
2013-07-19,1055
2013-07-20,1051
2013-07-21,1047
2013-07-22,1043
2013-07-23,1039
2013-07-24,1035
2013-07-25,1031
2013-07-26,1026
2013-07-27,1022
2013-07-28,1017
2013-07-29,1013
2013-07-30,1008
2013-07-31,1004
2013-08-01,999
2013-08-02,994
2013-08-03,990
2013-08-04,985
2013-08-05,980
2013-08-06,975
2013-08-07,970
2013-08-08,965
2013-08-09,960
2013-08-10,955
2013-08-11,950
2013-08-12,946
2013-08-13,940
2013-08-14,935
2013-08-15,930
2013-08-16,925
2013-08-17,920
2013-08-18,915
2013-08-19,910
2013-08-20,905
2013-08-21,900
2013-08-22,895
2013-08-23,889
2013-08-24,884
2013-08-25,879
2013-08-26,874
2013-08-27,869
2013-08-28,864
2013-08-29,858
2013-08-30,853
2013-08-31,848
2013-09-01,843
2013-09-02,837
2013-09-03,832
2013-09-04,827
2013-09-05,822
2013-09-06,817
2013-09-07,811
2013-09-08,806
2013-09-09,801
2013-09-10,796
2013-09-11,790
2013-09-12,785
2013-09-13,780
2013-09-14,775
2013-09-15,769
2013-09-16,764
2013-09-17,759
2013-09-18,754
2013-09-19,748
2013-09-20,743
2013-09-21,738
2013-09-22,732
2013-09-23,727
2013-09-24,722
2013-09-25,717
2013-09-26,711
2013-09-27,706
2013-09-28,701
2013-09-29,696
2013-09-30,690
2013-10-01,685
2013-10-02,680
2013-10-03,675
2013-10-04,669
2013-10-05,664
2013-10-06,659
2013-10-07,654
2013-10-08,648
2013-10-09,643
2013-10-10,638
2013-10-11,633
2013-10-12,627
2013-10-13,622
2013-10-14,617
2013-10-15,612
2013-10-16,606
2013-10-17,601
2013-10-18,596
2013-10-19,591
2013-10-20,586
2013-10-21,580
2013-10-22,575
2013-10-23,570
2013-10-24,565
2013-10-25,560
2013-10-26,555
2013-10-27,549
2013-10-28,544
2013-10-29,539
2013-10-30,534
2013-10-31,529
2013-11-01,524
2013-11-02,519
2013-11-03,514
2013-11-04,509
2013-11-05,504
2013-11-06,499
2013-11-07,495
2013-11-08,490
2013-11-09,485
2013-11-10,480
2013-11-11,476
2013-11-12,471
2013-11-13,466
2013-11-14,462
2013-11-15,457
2013-11-16,453
2013-11-17,449
2013-11-18,444
2013-11-19,440
2013-11-20,436
2013-11-21,432
2013-11-22,428
2013-11-23,424
2013-11-24,420
2013-11-25,416
2013-11-26,413
2013-11-27,409
2013-11-28,406
2013-11-29,402
2013-11-30,399
2013-12-01,396
2013-12-02,393
2013-12-03,390
2013-12-04,387
2013-12-05,385
2013-12-06,382
2013-12-07,380
2013-12-08,378
2013-12-09,376
2013-12-10,374
2013-12-11,372
2013-12-12,370
2013-12-13,369
2013-12-14,368
2013-12-15,367
2013-12-16,366
2013-12-17,365
2013-12-18,364
2013-12-19,364
2013-12-20,364
2013-12-21,364
2013-12-22,364
2013-12-23,364
2013-12-24,365
2013-12-25,365
2013-12-26,366
2013-12-27,367
2013-12-28,368
2013-12-29,370
2013-12-30,371
2013-12-31,373
2014-01-01,374
2014-01-02,376
2014-01-03,379
2014-01-04,381
2014-01-05,383
2014-01-06,386
2014-01-07,389
2014-01-08,391
2014-01-09,394
2014-01-10,397
2014-01-11,401
2014-01-12,404
2014-01-13,407
2014-01-14,411
2014-01-15,414
2014-01-16,418
2014-01-17,422
2014-01-18,426
2014-01-19,430
2014-01-20,434
2014-01-21,438
2014-01-22,442
2014-01-23,447
2014-01-24,451
2014-01-25,456
2014-01-26,460
2014-01-27,465
2014-01-28,469
2014-01-29,474
2014-01-30,479
2014-01-31,483
2014-02-01,488
2014-02-02,493
2014-02-03,498
2014-02-04,503
2014-02-05,508
2014-02-06,513
2014-02-07,518
2014-02-08,523
2014-02-09,528
2014-02-10,533
2014-02-11,538
2014-02-12,543
2014-02-13,549
2014-02-14,554
2014-02-15,559
2014-02-16,564
2014-02-17,569
2014-02-18,575
2014-02-19,580
2014-02-20,585
2014-02-21,590
2014-02-22,596
2014-02-23,601
2014-02-24,606
2014-02-25,611
2014-02-26,617
2014-02-27,622
2014-02-28,627
2014-03-01,633
2014-03-02,638
2014-03-03,643
2014-03-04,649
2014-03-05,654
2014-03-06,659
2014-03-07,665
2014-03-08,670
2014-03-09,675
2014-03-10,681
2014-03-11,686
2014-03-12,691
2014-03-13,697
2014-03-14,702
2014-03-15,707
2014-03-16,713
2014-03-17,718
2014-03-18,723
2014-03-19,729
2014-03-20,734
2014-03-21,739
2014-03-22,745
2014-03-23,750
2014-03-24,756
2014-03-25,761
2014-03-26,766
2014-03-27,772
2014-03-28,777
2014-03-29,782
2014-03-30,788
2014-03-31,793
2014-04-01,798
2014-04-02,804
2014-04-03,809
2014-04-04,814
2014-04-05,819
2014-04-06,825
2014-04-07,830
2014-04-08,835
2014-04-09,841
2014-04-10,846
2014-04-11,851
2014-04-12,857
2014-04-13,862
2014-04-14,867
2014-04-15,872
2014-04-16,878
2014-04-17,883
2014-04-18,888
2014-04-19,893
2014-04-20,899
2014-04-21,904
2014-04-22,909
2014-04-23,914
2014-04-24,919
2014-04-25,924
2014-04-26,930
2014-04-27,935
2014-04-28,940
2014-04-29,945
2014-04-30,950
2014-05-01,955
2014-05-02,960
2014-05-03,965
2014-05-04,970
2014-05-05,975
2014-05-06,980
2014-05-07,985
2014-05-08,989
2014-05-09,994
2014-05-10,999
2014-05-11,1004
2014-05-12,1008
2014-05-13,1013
2014-05-14,1018
2014-05-15,1022
2014-05-16,1026
2014-05-17,1031
2014-05-18,1035
2014-05-19,1039
2014-05-20,1044
2014-05-21,1048
2014-05-22,1052
2014-05-23,1056
2014-05-24,1060
2014-05-25,1063
2014-05-26,1067
2014-05-27,1071
2014-05-28,1074
2014-05-29,1078
2014-05-30,1081
2014-05-31,1084
2014-06-01,1087
2014-06-02,1090
2014-06-03,1093
2014-06-04,1096
2014-06-05,1098
2014-06-06,1101
2014-06-07,1103
2014-06-08,1105
2014-06-09,1107
2014-06-10,1109
2014-06-11,1110
2014-06-12,1112
2014-06-13,1113
2014-06-14,1115
2014-06-15,1116
2014-06-16,1116
2014-06-17,1117
2014-06-18,1118
2014-06-19,1118
2014-06-20,1118
2014-06-21,1118
2014-06-22,1118
2014-06-23,1118
2014-06-24,1117
2014-06-25,1116
2014-06-26,1116
2014-06-27,1115
2014-06-28,1113
2014-06-29,1112
2014-06-30,1111
2014-07-01,1109
2014-07-02,1107
2014-07-03,1105
2014-07-04,1103
2014-07-05,1101
2014-07-06,1098
2014-07-07,1096
2014-07-08,1093
2014-07-09,1090
2014-07-10,1087
2014-07-11,1084
2014-07-12,1081
2014-07-13,1078
2014-07-14,1075
2014-07-15,1071
2014-07-16,1068
2014-07-17,1064
2014-07-18,1060
2014-07-19,1056
2014-07-20,1052
2014-07-21,1048
2014-07-22,1044
2014-07-23,1040
2014-07-24,1036
2014-07-25,1032
2014-07-26,1027
2014-07-27,1023
2014-07-28,1018
2014-07-29,1014
2014-07-30,1009
2014-07-31,1005
2014-08-01,1000
2014-08-02,995
2014-08-03,991
2014-08-04,986
2014-08-05,981
2014-08-06,976
2014-08-07,971
2014-08-08,967
2014-08-09,962
2014-08-10,957
2014-08-11,952
2014-08-12,947
2014-08-13,942
2014-08-14,937
2014-08-15,932
2014-08-16,927
2014-08-17,921
2014-08-18,916
2014-08-19,911
2014-08-20,906
2014-08-21,901
2014-08-22,896
2014-08-23,891
2014-08-24,886
2014-08-25,880
2014-08-26,875
2014-08-27,870
2014-08-28,865
2014-08-29,860
2014-08-30,854
2014-08-31,849
2014-09-01,844
2014-09-02,839
2014-09-03,834
2014-09-04,828
2014-09-05,823
2014-09-06,818
2014-09-07,813
2014-09-08,807
2014-09-09,802
2014-09-10,797
2014-09-11,792
2014-09-12,786
2014-09-13,781
2014-09-14,776
2014-09-15,771
2014-09-16,765
2014-09-17,760
2014-09-18,755
2014-09-19,750
2014-09-20,744
2014-09-21,739
2014-09-22,734
2014-09-23,728
2014-09-24,723
2014-09-25,718
2014-09-26,713
2014-09-27,707
2014-09-28,702
2014-09-29,697
2014-09-30,692
2014-10-01,686
2014-10-02,681
2014-10-03,676
2014-10-04,671
2014-10-05,665
2014-10-06,660
2014-10-07,655
2014-10-08,650
2014-10-09,644
2014-10-10,639
2014-10-11,634
2014-10-12,629
2014-10-13,623
2014-10-14,618
2014-10-15,613
2014-10-16,608
2014-10-17,602
2014-10-18,597
2014-10-19,592
2014-10-20,587
2014-10-21,582
2014-10-22,576
2014-10-23,571
2014-10-24,566
2014-10-25,561
2014-10-26,556
2014-10-27,551
2014-10-28,546
2014-10-29,541
2014-10-30,535
2014-10-31,530
2014-11-01,525
2014-11-02,520
2014-11-03,515
2014-11-04,510
2014-11-05,506
2014-11-06,501
2014-11-07,496
2014-11-08,491
2014-11-09,486
2014-11-10,481
2014-11-11,477
2014-11-12,472
2014-11-13,468
2014-11-14,463
2014-11-15,458
2014-11-16,454
2014-11-17,450
2014-11-18,445
2014-11-19,441
2014-11-20,437
2014-11-21,433
2014-11-22,429
2014-11-23,425
2014-11-24,421
2014-11-25,417
2014-11-26,413
2014-11-27,410
2014-11-28,406
2014-11-29,403
2014-11-30,400
2014-12-01,397
2014-12-02,394
2014-12-03,391
2014-12-04,388
2014-12-05,385
2014-12-06,383
2014-12-07,380
2014-12-08,378
2014-12-09,376
2014-12-10,374
2014-12-11,372
2014-12-12,371
2014-12-13,369
2014-12-14,368
2014-12-15,367
2014-12-16,366
2014-12-17,365
2014-12-18,364
2014-12-19,364
2014-12-20,364
2014-12-21,364
2014-12-22,364
2014-12-23,364
2014-12-24,364
2014-12-25,365
2014-12-26,366
2014-12-27,367
2014-12-28,368
2014-12-29,369
2014-12-30,371
2014-12-31,372
2015-01-01,374
2015-01-02,376
2015-01-03,378
2015-01-04,380
2015-01-05,383
2015-01-06,385
2015-01-07,388
2015-01-08,391
2015-01-09,394
2015-01-10,397
2015-01-11,400
2015-01-12,403
2015-01-13,406
2015-01-14,410
2015-01-15,414
2015-01-16,417
2015-01-17,421
2015-01-18,425
2015-01-19,429
2015-01-20,433
2015-01-21,437
2015-01-22,441
2015-01-23,446
2015-01-24,450
2015-01-25,455
2015-01-26,459
2015-01-27,464
2015-01-28,468
2015-01-29,473
2015-01-30,478
2015-01-31,482
2015-02-01,487
2015-02-02,492
2015-02-03,497
2015-02-04,502
2015-02-05,507
2015-02-06,512
2015-02-07,517
2015-02-08,522
2015-02-09,527
2015-02-10,532
2015-02-11,537
2015-02-12,542
2015-02-13,547
2015-02-14,552
2015-02-15,558
2015-02-16,563
2015-02-17,568
2015-02-18,573
2015-02-19,579
2015-02-20,584
2015-02-21,589
2015-02-22,594
2015-02-23,600
2015-02-24,605
2015-02-25,610
2015-02-26,615
2015-02-27,621
2015-02-28,626
2015-03-01,631
2015-03-02,637
2015-03-03,642
2015-03-04,647
2015-03-05,653
2015-03-06,658
2015-03-07,663
2015-03-08,669
2015-03-09,674
2015-03-10,679
2015-03-11,685
2015-03-12,690
2015-03-13,695
2015-03-14,701
2015-03-15,706
2015-03-16,711
2015-03-17,717
2015-03-18,722
2015-03-19,727
2015-03-20,733
2015-03-21,738
2015-03-22,744
2015-03-23,749
2015-03-24,754
2015-03-25,760
2015-03-26,765
2015-03-27,770
2015-03-28,776
2015-03-29,781
2015-03-30,786
2015-03-31,792
2015-04-01,797
2015-04-02,802
2015-04-03,808
2015-04-04,813
2015-04-05,818
2015-04-06,823
2015-04-07,829
2015-04-08,834
2015-04-09,839
2015-04-10,845
2015-04-11,850
2015-04-12,855
2015-04-13,861
2015-04-14,866
2015-04-15,871
2015-04-16,876
2015-04-17,882
2015-04-18,887
2015-04-19,892
2015-04-20,897
2015-04-21,903
2015-04-22,908
2015-04-23,913
2015-04-24,918
2015-04-25,923
2015-04-26,928
2015-04-27,933
2015-04-28,939
2015-04-29,944
2015-04-30,949
2015-05-01,954
2015-05-02,959
2015-05-03,964
2015-05-04,969
2015-05-05,974
2015-05-06,979
2015-05-07,983
2015-05-08,988
2015-05-09,993
2015-05-10,998
2015-05-11,1003
2015-05-12,1007
2015-05-13,1012
2015-05-14,1016
2015-05-15,1021
2015-05-16,1025
2015-05-17,1030
2015-05-18,1034
2015-05-19,1038
2015-05-20,1043
2015-05-21,1047
2015-05-22,1051
2015-05-23,1055
2015-05-24,1059
2015-05-25,1063
2015-05-26,1066
2015-05-27,1070
2015-05-28,1073
2015-05-29,1077
2015-05-30,1080
2015-05-31,1083
2015-06-01,1086
2015-06-02,1089
2015-06-03,1092
2015-06-04,1095
2015-06-05,1098
2015-06-06,1100
2015-06-07,1102
2015-06-08,1104
2015-06-09,1107
2015-06-10,1108
2015-06-11,1110
2015-06-12,1112
2015-06-13,1113
2015-06-14,1114
2015-06-15,1115
2015-06-16,1116
2015-06-17,1117
2015-06-18,1118
2015-06-19,1118
2015-06-20,1118
2015-06-21,1118
2015-06-22,1118
2015-06-23,1118
2015-06-24,1117
2015-06-25,1117
2015-06-26,1116
2015-06-27,1115
2015-06-28,1114
2015-06-29,1112
2015-06-30,1111
2015-07-01,1109
2015-07-02,1107
2015-07-03,1106
2015-07-04,1103
2015-07-05,1101
2015-07-06,1099
2015-07-07,1096
2015-07-08,1094
2015-07-09,1091
2015-07-10,1088
2015-07-11,1085
2015-07-12,1082
2015-07-13,1079
2015-07-14,1075
2015-07-15,1072
2015-07-16,1068
2015-07-17,1065
2015-07-18,1061
2015-07-19,1057
2015-07-20,1053
2015-07-21,1049
2015-07-22,1045
2015-07-23,1041
2015-07-24,1037
2015-07-25,1033
2015-07-26,1028
2015-07-27,1024
2015-07-28,1019
2015-07-29,1015
2015-07-30,1010
2015-07-31,1006
2015-08-01,1001
2015-08-02,997
2015-08-03,992
2015-08-04,987
2015-08-05,982
2015-08-06,977
2015-08-07,973
2015-08-08,968
2015-08-09,963
2015-08-10,958
2015-08-11,953
2015-08-12,948
2015-08-13,943
2015-08-14,938
2015-08-15,933
2015-08-16,928
2015-08-17,923
2015-08-18,918
2015-08-19,912
2015-08-20,907
2015-08-21,902
2015-08-22,897
2015-08-23,892
2015-08-24,887
2015-08-25,882
2015-08-26,876
2015-08-27,871
2015-08-28,866
2015-08-29,861
2015-08-30,856
2015-08-31,850
2015-09-01,845
2015-09-02,840
2015-09-03,835
2015-09-04,830
2015-09-05,824
2015-09-06,819
2015-09-07,814
2015-09-08,809
2015-09-09,803
2015-09-10,798
2015-09-11,793
2015-09-12,788
2015-09-13,782
2015-09-14,777
2015-09-15,772
2015-09-16,767
2015-09-17,761
2015-09-18,756
2015-09-19,751
2015-09-20,746
2015-09-21,740
2015-09-22,735
2015-09-23,730
2015-09-24,724
2015-09-25,719
2015-09-26,714
2015-09-27,709
2015-09-28,703
2015-09-29,698
2015-09-30,693
2015-10-01,688
2015-10-02,682
2015-10-03,677
2015-10-04,672
2015-10-05,667
2015-10-06,661
2015-10-07,656
2015-10-08,651
2015-10-09,646
2015-10-10,640
2015-10-11,635
2015-10-12,630
2015-10-13,625
2015-10-14,619
2015-10-15,614
2015-10-16,609
2015-10-17,604
2015-10-18,598
2015-10-19,593
2015-10-20,588
2015-10-21,583
2015-10-22,578
2015-10-23,573
2015-10-24,567
2015-10-25,562
2015-10-26,557
2015-10-27,552
2015-10-28,547
2015-10-29,542
2015-10-30,537
2015-10-31,532
2015-11-01,527
2015-11-02,522
2015-11-03,517
2015-11-04,512
2015-11-05,507
2015-11-06,502
2015-11-07,497
2015-11-08,492
2015-11-09,487
2015-11-10,483
2015-11-11,478
2015-11-12,473
2015-11-13,469
2015-11-14,464
2015-11-15,460
2015-11-16,455
2015-11-17,451
2015-11-18,446
2015-11-19,442
2015-11-20,438
2015-11-21,434
2015-11-22,430
2015-11-23,426
2015-11-24,422
2015-11-25,418
2015-11-26,414
2015-11-27,411
2015-11-28,407
2015-11-29,404
2015-11-30,401
2015-12-01,397
2015-12-02,394
2015-12-03,391
2015-12-04,389
2015-12-05,386
2015-12-06,383
2015-12-07,381
2015-12-08,379
2015-12-09,376
2015-12-10,375
2015-12-11,373
2015-12-12,371
2015-12-13,370
2015-12-14,368
2015-12-15,367
2015-12-16,366
2015-12-17,365
2015-12-18,365
2015-12-19,364
2015-12-20,364
2015-12-21,364
2015-12-22,364
2015-12-23,364
2015-12-24,364
2015-12-25,365
2015-12-26,366
2015-12-27,367
2015-12-28,368
2015-12-29,369
2015-12-30,370
2015-12-31,372
2016-01-01,374
2016-01-02,375
2016-01-03,378
2016-01-04,380
2016-01-05,382
2016-01-06,385
2016-01-07,387
2016-01-08,390
2016-01-09,393
2016-01-10,396
2016-01-11,399
2016-01-12,402
2016-01-13,406
2016-01-14,409
2016-01-15,413
2016-01-16,416
2016-01-17,420
2016-01-18,424
2016-01-19,428
2016-01-20,432
2016-01-21,436
2016-01-22,440
2016-01-23,445
2016-01-24,449
2016-01-25,453
2016-01-26,458
2016-01-27,462
2016-01-28,467
2016-01-29,472
2016-01-30,476
2016-01-31,481
2016-02-01,486
2016-02-02,491
2016-02-03,496
2016-02-04,501
2016-02-05,505
2016-02-06,510
2016-02-07,515
2016-02-08,520
2016-02-09,526
2016-02-10,531
2016-02-11,536
2016-02-12,541
2016-02-13,546
2016-02-14,551
2016-02-15,556
2016-02-16,562
2016-02-17,567
2016-02-18,572
2016-02-19,577
2016-02-20,582
2016-02-21,588
2016-02-22,593
2016-02-23,598
2016-02-24,604
2016-02-25,609
2016-02-26,614
2016-02-27,619
2016-02-28,625
2016-02-29,630
2016-03-01,635
2016-03-02,641
2016-03-03,646
2016-03-04,651
2016-03-05,657
2016-03-06,662
2016-03-07,667
2016-03-08,673
2016-03-09,678
2016-03-10,683
2016-03-11,689
2016-03-12,694
2016-03-13,699
2016-03-14,705
2016-03-15,710
2016-03-16,716
2016-03-17,721
2016-03-18,726
2016-03-19,732
2016-03-20,737
2016-03-21,742
2016-03-22,748
2016-03-23,753
2016-03-24,758
2016-03-25,764
2016-03-26,769
2016-03-27,774
2016-03-28,780
2016-03-29,785
2016-03-30,790
2016-03-31,796
2016-04-01,801
2016-04-02,806
2016-04-03,812
2016-04-04,817
2016-04-05,822
2016-04-06,828
2016-04-07,833
2016-04-08,838
2016-04-09,843
2016-04-10,849
2016-04-11,854
2016-04-12,859
2016-04-13,865
2016-04-14,870
2016-04-15,875
2016-04-16,880
2016-04-17,886
2016-04-18,891
2016-04-19,896
2016-04-20,901
2016-04-21,906
2016-04-22,912
2016-04-23,917
2016-04-24,922
2016-04-25,927
2016-04-26,932
2016-04-27,937
2016-04-28,942
2016-04-29,948
2016-04-30,953
2016-05-01,958
2016-05-02,963
2016-05-03,968
2016-05-04,973
2016-05-05,977
2016-05-06,982
2016-05-07,987
2016-05-08,992
2016-05-09,997
2016-05-10,1001
2016-05-11,1006
2016-05-12,1011
2016-05-13,1015
2016-05-14,1020
2016-05-15,1024
2016-05-16,1029
2016-05-17,1033
2016-05-18,1037
2016-05-19,1042
2016-05-20,1046
2016-05-21,1050
2016-05-22,1054
2016-05-23,1058
2016-05-24,1062
2016-05-25,1065
2016-05-26,1069
2016-05-27,1073
2016-05-28,1076
2016-05-29,1079
2016-05-30,1083
2016-05-31,1086
2016-06-01,1089
2016-06-02,1092
2016-06-03,1094
2016-06-04,1097
2016-06-05,1099
2016-06-06,1102
2016-06-07,1104
2016-06-08,1106
2016-06-09,1108
2016-06-10,1110
2016-06-11,1111
2016-06-12,1113
2016-06-13,1114
2016-06-14,1115
2016-06-15,1116
2016-06-16,1117
2016-06-17,1117
2016-06-18,1118
2016-06-19,1118
2016-06-20,1118
2016-06-21,1118
2016-06-22,1118
2016-06-23,1117
2016-06-24,1117
2016-06-25,1116
2016-06-26,1115
2016-06-27,1114
2016-06-28,1113
2016-06-29,1111
2016-06-30,1110
2016-07-01,1108
2016-07-02,1106
2016-07-03,1104
2016-07-04,1102
2016-07-05,1099
2016-07-06,1097
2016-07-07,1094
2016-07-08,1092
2016-07-09,1089
2016-07-10,1086
2016-07-11,1083
2016-07-12,1080
2016-07-13,1076
2016-07-14,1073
2016-07-15,1069
2016-07-16,1066
2016-07-17,1062
2016-07-18,1058
2016-07-19,1054
2016-07-20,1050
2016-07-21,1046
2016-07-22,1042
2016-07-23,1038
2016-07-24,1034
2016-07-25,1029
2016-07-26,1025
2016-07-27,1021
2016-07-28,1016
2016-07-29,1012
2016-07-30,1007
2016-07-31,1002
2016-08-01,998
2016-08-02,993
2016-08-03,988
2016-08-04,983
2016-08-05,979
2016-08-06,974
2016-08-07,969
2016-08-08,964
2016-08-09,959
2016-08-10,954
2016-08-11,949
2016-08-12,944
2016-08-13,939
2016-08-14,934
2016-08-15,929
2016-08-16,924
2016-08-17,919
2016-08-18,914
2016-08-19,909
2016-08-20,903
2016-08-21,898
2016-08-22,893
2016-08-23,888
2016-08-24,883
2016-08-25,878
2016-08-26,872
2016-08-27,867
2016-08-28,862
2016-08-29,857
2016-08-30,852
2016-08-31,846
2016-09-01,841
2016-09-02,836
2016-09-03,831
2016-09-04,826
2016-09-05,820
2016-09-06,815
2016-09-07,810
2016-09-08,805
2016-09-09,799
2016-09-10,794
2016-09-11,789
2016-09-12,784
2016-09-13,778
2016-09-14,773
2016-09-15,768
2016-09-16,763
2016-09-17,757
2016-09-18,752
2016-09-19,747
2016-09-20,742
2016-09-21,736
2016-09-22,731
2016-09-23,726
2016-09-24,720
2016-09-25,715
2016-09-26,710
2016-09-27,705
2016-09-28,699
2016-09-29,694
2016-09-30,689
2016-10-01,684
2016-10-02,678
2016-10-03,673
2016-10-04,668
2016-10-05,663
2016-10-06,657
2016-10-07,652
2016-10-08,647
2016-10-09,642
2016-10-10,636
2016-10-11,631
2016-10-12,626
2016-10-13,621
2016-10-14,615
2016-10-15,610
2016-10-16,605
2016-10-17,600
2016-10-18,594
2016-10-19,589
2016-10-20,584
2016-10-21,579
2016-10-22,574
2016-10-23,569
2016-10-24,563
2016-10-25,558
2016-10-26,553
2016-10-27,548
2016-10-28,543
2016-10-29,538
2016-10-30,533
2016-10-31,528
2016-11-01,523
2016-11-02,518
2016-11-03,513
2016-11-04,508
2016-11-05,503
2016-11-06,498
2016-11-07,493
2016-11-08,489
2016-11-09,484
2016-11-10,479
2016-11-11,474
2016-11-12,470
2016-11-13,465
2016-11-14,461
2016-11-15,456
2016-11-16,452
2016-11-17,447
2016-11-18,443
2016-11-19,439
2016-11-20,435
2016-11-21,431
2016-11-22,427
2016-11-23,423
2016-11-24,419
2016-11-25,415
2016-11-26,412
2016-11-27,408
2016-11-28,405
2016-11-29,401
2016-11-30,398
2016-12-01,395
2016-12-02,392
2016-12-03,389
2016-12-04,386
2016-12-05,384
2016-12-06,381
2016-12-07,379
2016-12-08,377
2016-12-09,375
2016-12-10,373
2016-12-11,371
2016-12-12,370
2016-12-13,369
2016-12-14,367
2016-12-15,366
2016-12-16,365
2016-12-17,365
2016-12-18,364
2016-12-19,364
2016-12-20,364
2016-12-21,364
2016-12-22,364
2016-12-23,364
2016-12-24,365
2016-12-25,365
2016-12-26,366
2016-12-27,367
2016-12-28,369
2016-12-29,370
2016-12-30,371
2016-12-31,373
2017-01-01,375
2017-01-02,377
2017-01-03,379
2017-01-04,382
2017-01-05,384
2017-01-06,387
2017-01-07,389
2017-01-08,392
2017-01-09,395
2017-01-10,398
2017-01-11,401
2017-01-12,405
2017-01-13,408
2017-01-14,412
2017-01-15,416
2017-01-16,419
2017-01-17,423
2017-01-18,427
2017-01-19,431
2017-01-20,435
2017-01-21,439
2017-01-22,444
2017-01-23,448
2017-01-24,452
2017-01-25,457
2017-01-26,461
2017-01-27,466
2017-01-28,471
2017-01-29,475
2017-01-30,480
2017-01-31,485
2017-02-01,490
2017-02-02,494
2017-02-03,499
2017-02-04,504
2017-02-05,509
2017-02-06,514
2017-02-07,519
2017-02-08,524
2017-02-09,529
2017-02-10,534
2017-02-11,540
2017-02-12,545
2017-02-13,550
2017-02-14,555
2017-02-15,560
2017-02-16,565
2017-02-17,571
2017-02-18,576
2017-02-19,581
2017-02-20,586
2017-02-21,592
2017-02-22,597
2017-02-23,602
2017-02-24,608
2017-02-25,613
2017-02-26,618
2017-02-27,624
2017-02-28,629
2017-03-01,634
2017-03-02,639
2017-03-03,645
2017-03-04,650
2017-03-05,655
2017-03-06,661
2017-03-07,666
2017-03-08,671
2017-03-09,677
2017-03-10,682
2017-03-11,687
2017-03-12,693
2017-03-13,698
2017-03-14,704
2017-03-15,709
2017-03-16,714
2017-03-17,720
2017-03-18,725
2017-03-19,730
2017-03-20,736
2017-03-21,741
2017-03-22,746
2017-03-23,752
2017-03-24,757
2017-03-25,762
2017-03-26,768
2017-03-27,773
2017-03-28,778
2017-03-29,784
2017-03-30,789
2017-03-31,794
2017-04-01,800
2017-04-02,805
2017-04-03,810
2017-04-04,816
2017-04-05,821
2017-04-06,826
2017-04-07,832
2017-04-08,837
2017-04-09,842
2017-04-10,847
2017-04-11,853
2017-04-12,858
2017-04-13,863
2017-04-14,869
2017-04-15,874
2017-04-16,879
2017-04-17,884
2017-04-18,890
2017-04-19,895
2017-04-20,900
2017-04-21,905
2017-04-22,910
2017-04-23,916
2017-04-24,921
2017-04-25,926
2017-04-26,931
2017-04-27,936
2017-04-28,941
2017-04-29,946
2017-04-30,951
2017-05-01,956
2017-05-02,961
2017-05-03,966
2017-05-04,971
2017-05-05,976
2017-05-06,981
2017-05-07,986
2017-05-08,991
2017-05-09,996
2017-05-10,1000
2017-05-11,1005
2017-05-12,1010
2017-05-13,1014
2017-05-14,1019
2017-05-15,1023
2017-05-16,1028
2017-05-17,1032
2017-05-18,1036
2017-05-19,1041
2017-05-20,1045
2017-05-21,1049
2017-05-22,1053
2017-05-23,1057
2017-05-24,1061
2017-05-25,1064
2017-05-26,1068
2017-05-27,1072
2017-05-28,1075
2017-05-29,1079
2017-05-30,1082
2017-05-31,1085
2017-06-01,1088
2017-06-02,1091
2017-06-03,1094
2017-06-04,1096
2017-06-05,1099
2017-06-06,1101
2017-06-07,1103
2017-06-08,1106
2017-06-09,1107
2017-06-10,1109
2017-06-11,1111
2017-06-12,1112
2017-06-13,1114
2017-06-14,1115
2017-06-15,1116
2017-06-16,1117
2017-06-17,1117
2017-06-18,1118
2017-06-19,1118
2017-06-20,1118
2017-06-21,1118
2017-06-22,1118
2017-06-23,1118
2017-06-24,1117
2017-06-25,1116
2017-06-26,1115
2017-06-27,1114
2017-06-28,1113
2017-06-29,1112
2017-06-30,1110
2017-07-01,1108
2017-07-02,1107
2017-07-03,1104
2017-07-04,1102
2017-07-05,1100
2017-07-06,1098
2017-07-07,1095
2017-07-08,1092
2017-07-09,1090
2017-07-10,1087
2017-07-11,1083
2017-07-12,1080
2017-07-13,1077
2017-07-14,1074
2017-07-15,1070
2017-07-16,1067
2017-07-17,1063
2017-07-18,1059
2017-07-19,1055
2017-07-20,1051
2017-07-21,1047
2017-07-22,1043
2017-07-23,1039
2017-07-24,1035
2017-07-25,1030
2017-07-26,1026
2017-07-27,1022
2017-07-28,1017
2017-07-29,1013
2017-07-30,1008
2017-07-31,1003
2017-08-01,999
2017-08-02,994
2017-08-03,989
2017-08-04,985
2017-08-05,980
2017-08-06,975
2017-08-07,970
2017-08-08,965
2017-08-09,960
2017-08-10,955
2017-08-11,950
2017-08-12,945
2017-08-13,940
2017-08-14,935
2017-08-15,930
2017-08-16,925
2017-08-17,920
2017-08-18,915
2017-08-19,910
2017-08-20,905
2017-08-21,900
2017-08-22,894
2017-08-23,889
2017-08-24,884
2017-08-25,879
2017-08-26,874
2017-08-27,869
2017-08-28,863
2017-08-29,858
2017-08-30,853
2017-08-31,848
2017-09-01,843
2017-09-02,837
2017-09-03,832
2017-09-04,827
2017-09-05,822
2017-09-06,816
2017-09-07,811
2017-09-08,806
2017-09-09,801
2017-09-10,795
2017-09-11,790
2017-09-12,785
2017-09-13,780
2017-09-14,774
2017-09-15,769
2017-09-16,764
2017-09-17,759
2017-09-18,753
2017-09-19,748
2017-09-20,743
2017-09-21,738
2017-09-22,732
2017-09-23,727
2017-09-24,722
2017-09-25,717
2017-09-26,711
2017-09-27,706
2017-09-28,701
2017-09-29,695
2017-09-30,690
2017-10-01,685
2017-10-02,680
2017-10-03,674
2017-10-04,669
2017-10-05,664
2017-10-06,659
2017-10-07,653
2017-10-08,648
2017-10-09,643
2017-10-10,638
2017-10-11,632
2017-10-12,627
2017-10-13,622
2017-10-14,617
2017-10-15,611
2017-10-16,606
2017-10-17,601
2017-10-18,596
2017-10-19,591
2017-10-20,585
2017-10-21,580
2017-10-22,575
2017-10-23,570
2017-10-24,565
2017-10-25,560
2017-10-26,554
2017-10-27,549
2017-10-28,544
2017-10-29,539
2017-10-30,534
2017-10-31,529
2017-11-01,524
2017-11-02,519
2017-11-03,514
2017-11-04,509
2017-11-05,504
2017-11-06,499
2017-11-07,495
2017-11-08,490
2017-11-09,485
2017-11-10,480
2017-11-11,476
2017-11-12,471
2017-11-13,466
2017-11-14,462
2017-11-15,457
2017-11-16,453
2017-11-17,448
2017-11-18,444
2017-11-19,440
2017-11-20,436
2017-11-21,432
2017-11-22,428
2017-11-23,424
2017-11-24,420
2017-11-25,416
2017-11-26,412
2017-11-27,409
2017-11-28,405
2017-11-29,402
2017-11-30,399
2017-12-01,396
2017-12-02,393
2017-12-03,390
2017-12-04,387
2017-12-05,385
2017-12-06,382
2017-12-07,380
2017-12-08,378
2017-12-09,375
2017-12-10,374
2017-12-11,372
2017-12-12,370
2017-12-13,369
2017-12-14,368
2017-12-15,367
2017-12-16,366
2017-12-17,365
2017-12-18,364
2017-12-19,364
2017-12-20,364
2017-12-21,364
2017-12-22,364
2017-12-23,364
2017-12-24,365
2017-12-25,365
2017-12-26,366
2017-12-27,367
2017-12-28,368
2017-12-29,370
2017-12-30,371
2017-12-31,373
2018-01-01,375
2018-01-02,377
2018-01-03,379
2018-01-04,381
2018-01-05,383
2018-01-06,386
2018-01-07,389
2018-01-08,391
2018-01-09,394
2018-01-10,397
2018-01-11,401
2018-01-12,404
2018-01-13,407
2018-01-14,411
2018-01-15,415
2018-01-16,418
2018-01-17,422
2018-01-18,426
2018-01-19,430
2018-01-20,434
2018-01-21,438
2018-01-22,443
2018-01-23,447
2018-01-24,451
2018-01-25,456
2018-01-26,460
2018-01-27,465
2018-01-28,469
2018-01-29,474
2018-01-30,479
2018-01-31,484
2018-02-01,488
2018-02-02,493
2018-02-03,498
2018-02-04,503
2018-02-05,508
2018-02-06,513
2018-02-07,518
2018-02-08,523
2018-02-09,528
2018-02-10,533
2018-02-11,538
2018-02-12,544
2018-02-13,549
2018-02-14,554
2018-02-15,559
2018-02-16,564
2018-02-17,569
2018-02-18,575
2018-02-19,580
2018-02-20,585
2018-02-21,590
2018-02-22,596
2018-02-23,601
2018-02-24,606
2018-02-25,612
2018-02-26,617
2018-02-27,622
2018-02-28,628
2018-03-01,633
2018-03-02,638
2018-03-03,643
2018-03-04,649
2018-03-05,654
2018-03-06,659
2018-03-07,665
2018-03-08,670
2018-03-09,676
2018-03-10,681
2018-03-11,686
2018-03-12,692
2018-03-13,697
2018-03-14,702
2018-03-15,708
2018-03-16,713
2018-03-17,718
2018-03-18,724
2018-03-19,729
2018-03-20,734
2018-03-21,740
2018-03-22,745
2018-03-23,750
2018-03-24,756
2018-03-25,761
2018-03-26,766
2018-03-27,772
2018-03-28,777
2018-03-29,782
2018-03-30,788
2018-03-31,793
2018-04-01,798
2018-04-02,804
2018-04-03,809
2018-04-04,814
2018-04-05,820
2018-04-06,825
2018-04-07,830
2018-04-08,836
2018-04-09,841
2018-04-10,846
2018-04-11,851
2018-04-12,857
2018-04-13,862
2018-04-14,867
2018-04-15,873
2018-04-16,878
2018-04-17,883
2018-04-18,888
2018-04-19,894
2018-04-20,899
2018-04-21,904
2018-04-22,909
2018-04-23,914
2018-04-24,919
2018-04-25,925
2018-04-26,930
2018-04-27,935
2018-04-28,940
2018-04-29,945
2018-04-30,950
2018-05-01,955
2018-05-02,960
2018-05-03,965
2018-05-04,970
2018-05-05,975
2018-05-06,980
2018-05-07,985
2018-05-08,990
2018-05-09,994
2018-05-10,999
2018-05-11,1004
2018-05-12,1009
2018-05-13,1013
2018-05-14,1018
2018-05-15,1022
2018-05-16,1027
2018-05-17,1031
2018-05-18,1035
2018-05-19,1040
2018-05-20,1044
2018-05-21,1048
2018-05-22,1052
2018-05-23,1056
2018-05-24,1060
2018-05-25,1064
2018-05-26,1067
2018-05-27,1071
2018-05-28,1074
2018-05-29,1078
2018-05-30,1081
2018-05-31,1084
2018-06-01,1087
2018-06-02,1090
2018-06-03,1093
2018-06-04,1096
2018-06-05,1098
2018-06-06,1101
2018-06-07,1103
2018-06-08,1105
2018-06-09,1107
2018-06-10,1109
2018-06-11,1111
2018-06-12,1112
2018-06-13,1113
2018-06-14,1115
2018-06-15,1116
2018-06-16,1116
2018-06-17,1117
2018-06-18,1118
2018-06-19,1118
2018-06-20,1118
2018-06-21,1118
2018-06-22,1118
2018-06-23,1118
2018-06-24,1117
2018-06-25,1116
2018-06-26,1116
2018-06-27,1115
2018-06-28,1113
2018-06-29,1112
2018-06-30,1110
2018-07-01,1109
2018-07-02,1107
2018-07-03,1105
2018-07-04,1103
2018-07-05,1101
2018-07-06,1098
2018-07-07,1096
2018-07-08,1093
2018-07-09,1090
2018-07-10,1087
2018-07-11,1084
2018-07-12,1081
2018-07-13,1078
2018-07-14,1074
2018-07-15,1071
2018-07-16,1067
2018-07-17,1064
2018-07-18,1060
2018-07-19,1056
2018-07-20,1052
2018-07-21,1048
2018-07-22,1044
2018-07-23,1040
2018-07-24,1036
2018-07-25,1031
2018-07-26,1027
2018-07-27,1023
2018-07-28,1018
2018-07-29,1014
2018-07-30,1009
2018-07-31,1005
2018-08-01,1000
2018-08-02,995
2018-08-03,991
2018-08-04,986
2018-08-05,981
2018-08-06,976
2018-08-07,971
2018-08-08,966
2018-08-09,961
2018-08-10,956
2018-08-11,952
2018-08-12,947
2018-08-13,942
2018-08-14,936
2018-08-15,931
2018-08-16,926
2018-08-17,921
2018-08-18,916
2018-08-19,911
2018-08-20,906
2018-08-21,901
2018-08-22,896
2018-08-23,891
2018-08-24,885
2018-08-25,880
2018-08-26,875
2018-08-27,870
2018-08-28,865
2018-08-29,859
2018-08-30,854
2018-08-31,849
2018-09-01,844
2018-09-02,839
2018-09-03,833
2018-09-04,828
2018-09-05,823
2018-09-06,818
2018-09-07,812
2018-09-08,807
2018-09-09,802
2018-09-10,797
2018-09-11,791
2018-09-12,786
2018-09-13,781
2018-09-14,776
2018-09-15,770
2018-09-16,765
2018-09-17,760
2018-09-18,755
2018-09-19,749
2018-09-20,744
2018-09-21,739
2018-09-22,734
2018-09-23,728
2018-09-24,723
2018-09-25,718
2018-09-26,713
2018-09-27,707
2018-09-28,702
2018-09-29,697
2018-09-30,691
2018-10-01,686
2018-10-02,681
2018-10-03,676
2018-10-04,670
2018-10-05,665
2018-10-06,660
2018-10-07,655
2018-10-08,649
2018-10-09,644
2018-10-10,639
2018-10-11,634
2018-10-12,628
2018-10-13,623
2018-10-14,618
2018-10-15,613
2018-10-16,607
2018-10-17,602
2018-10-18,597
2018-10-19,592
2018-10-20,587
2018-10-21,581
2018-10-22,576
2018-10-23,571
2018-10-24,566
2018-10-25,561
2018-10-26,556
2018-10-27,551
2018-10-28,545
2018-10-29,540
2018-10-30,535
2018-10-31,530
2018-11-01,525
2018-11-02,520
2018-11-03,515
2018-11-04,510
2018-11-05,505
2018-11-06,501
2018-11-07,496
2018-11-08,491
2018-11-09,486
2018-11-10,481
2018-11-11,477
2018-11-12,472
2018-11-13,467
2018-11-14,463
2018-11-15,458
2018-11-16,454
2018-11-17,450
2018-11-18,445
2018-11-19,441
2018-11-20,437
2018-11-21,433
2018-11-22,429
2018-11-23,425
2018-11-24,421
2018-11-25,417
2018-11-26,413
2018-11-27,410
2018-11-28,406
2018-11-29,403
2018-11-30,400
2018-12-01,396
2018-12-02,393
2018-12-03,391
2018-12-04,388
2018-12-05,385
2018-12-06,383
2018-12-07,380
2018-12-08,378
2018-12-09,376
2018-12-10,374
2018-12-11,372
2018-12-12,371
2018-12-13,369
2018-12-14,368
2018-12-15,367
2018-12-16,366
2018-12-17,365
2018-12-18,364
2018-12-19,364
2018-12-20,364
2018-12-21,364
2018-12-22,364
2018-12-23,364
2018-12-24,364
2018-12-25,365
2018-12-26,366
2018-12-27,367
2018-12-28,368
2018-12-29,369
2018-12-30,371
2018-12-31,372
2019-01-01,374
2019-01-02,376
2019-01-03,378
2019-01-04,380
2019-01-05,383
2019-01-06,385
2019-01-07,388
2019-01-08,391
2019-01-09,394
2019-01-10,397
2019-01-11,400
2019-01-12,403
2019-01-13,407
2019-01-14,410
2019-01-15,414
2019-01-16,417
2019-01-17,421
2019-01-18,425
2019-01-19,429
2019-01-20,433
2019-01-21,437
2019-01-22,442
2019-01-23,446
2019-01-24,450
2019-01-25,455
2019-01-26,459
2019-01-27,464
2019-01-28,468
2019-01-29,473
2019-01-30,478
2019-01-31,482
2019-02-01,487
2019-02-02,492
2019-02-03,497
2019-02-04,502
2019-02-05,507
2019-02-06,512
2019-02-07,517
2019-02-08,522
2019-02-09,527
2019-02-10,532
2019-02-11,537
2019-02-12,542
2019-02-13,547
2019-02-14,553
2019-02-15,558
2019-02-16,563
2019-02-17,568
2019-02-18,573
2019-02-19,579
2019-02-20,584
2019-02-21,589
2019-02-22,594
2019-02-23,600
2019-02-24,605
2019-02-25,610
2019-02-26,616
2019-02-27,621
2019-02-28,626
2019-03-01,632
2019-03-02,637
2019-03-03,642
2019-03-04,648
2019-03-05,653
2019-03-06,658
2019-03-07,664
2019-03-08,669
2019-03-09,674
2019-03-10,680
2019-03-11,685
2019-03-12,690
2019-03-13,696
2019-03-14,701
2019-03-15,706
2019-03-16,712
2019-03-17,717
2019-03-18,722
2019-03-19,728
2019-03-20,733
2019-03-21,738
2019-03-22,744
2019-03-23,749
2019-03-24,754
2019-03-25,760
2019-03-26,765
2019-03-27,770
2019-03-28,776
2019-03-29,781
2019-03-30,786
2019-03-31,792
2019-04-01,797
2019-04-02,802
2019-04-03,808
2019-04-04,813
2019-04-05,818
2019-04-06,824
2019-04-07,829
2019-04-08,834
2019-04-09,840
2019-04-10,845
2019-04-11,850
2019-04-12,855
2019-04-13,861
2019-04-14,866
2019-04-15,871
2019-04-16,877
2019-04-17,882
2019-04-18,887
2019-04-19,892
2019-04-20,897
2019-04-21,903
2019-04-22,908
2019-04-23,913
2019-04-24,918
2019-04-25,923
2019-04-26,929
2019-04-27,934
2019-04-28,939
2019-04-29,944
2019-04-30,949
2019-05-01,954
2019-05-02,959
2019-05-03,964
2019-05-04,969
2019-05-05,974
2019-05-06,979
2019-05-07,984
2019-05-08,988
2019-05-09,993
2019-05-10,998
2019-05-11,1003
2019-05-12,1007
2019-05-13,1012
2019-05-14,1017
2019-05-15,1021
2019-05-16,1026
2019-05-17,1030
2019-05-18,1034
2019-05-19,1039
2019-05-20,1043
2019-05-21,1047
2019-05-22,1051
2019-05-23,1055
2019-05-24,1059
2019-05-25,1063
2019-05-26,1066
2019-05-27,1070
2019-05-28,1074
2019-05-29,1077
2019-05-30,1080
2019-05-31,1083
2019-06-01,1087
2019-06-02,1090
2019-06-03,1092
2019-06-04,1095
2019-06-05,1098
2019-06-06,1100
2019-06-07,1102
2019-06-08,1105
2019-06-09,1107
2019-06-10,1108
2019-06-11,1110
2019-06-12,1112
2019-06-13,1113
2019-06-14,1114
2019-06-15,1115
2019-06-16,1116
2019-06-17,1117
2019-06-18,1118
2019-06-19,1118
2019-06-20,1118
2019-06-21,1118
2019-06-22,1118
2019-06-23,1118
2019-06-24,1117
2019-06-25,1117
2019-06-26,1116
2019-06-27,1115
2019-06-28,1114
2019-06-29,1112
2019-06-30,1111
2019-07-01,1109
2019-07-02,1107
2019-07-03,1105
2019-07-04,1103
2019-07-05,1101
2019-07-06,1099
2019-07-07,1096
2019-07-08,1094
2019-07-09,1091
2019-07-10,1088
2019-07-11,1085
2019-07-12,1082
2019-07-13,1079
2019-07-14,1075
2019-07-15,1072
2019-07-16,1068
2019-07-17,1065
2019-07-18,1061
2019-07-19,1057
2019-07-20,1053
2019-07-21,1049
2019-07-22,1045
2019-07-23,1041
2019-07-24,1037
2019-07-25,1033
2019-07-26,1028
2019-07-27,1024
2019-07-28,1019
2019-07-29,1015
2019-07-30,1010
2019-07-31,1006
2019-08-01,1001
2019-08-02,996
2019-08-03,992
2019-08-04,987
2019-08-05,982
2019-08-06,977
2019-08-07,972
2019-08-08,968
2019-08-09,963
2019-08-10,958
2019-08-11,953
2019-08-12,948
2019-08-13,943
2019-08-14,938
2019-08-15,933
2019-08-16,928
2019-08-17,923
2019-08-18,917
2019-08-19,912
2019-08-20,907
2019-08-21,902
2019-08-22,897
2019-08-23,892
2019-08-24,887
2019-08-25,881
2019-08-26,876
2019-08-27,871
2019-08-28,866
2019-08-29,861
2019-08-30,855
2019-08-31,850
2019-09-01,845
2019-09-02,840
2019-09-03,835
2019-09-04,829
2019-09-05,824
2019-09-06,819
2019-09-07,814
2019-09-08,808
2019-09-09,803
2019-09-10,798
2019-09-11,793
2019-09-12,787
2019-09-13,782
2019-09-14,777
2019-09-15,772
2019-09-16,766
2019-09-17,761
2019-09-18,756
2019-09-19,751
2019-09-20,745
2019-09-21,740
2019-09-22,735
2019-09-23,730
2019-09-24,724
2019-09-25,719
2019-09-26,714
2019-09-27,709
2019-09-28,703
2019-09-29,698
2019-09-30,693
2019-10-01,687
2019-10-02,682
2019-10-03,677
2019-10-04,672
2019-10-05,666
2019-10-06,661
2019-10-07,656
2019-10-08,651
2019-10-09,645
2019-10-10,640
2019-10-11,635
2019-10-12,630
2019-10-13,624
2019-10-14,619
2019-10-15,614
2019-10-16,609
2019-10-17,604
2019-10-18,598
2019-10-19,593
2019-10-20,588
2019-10-21,583
2019-10-22,578
2019-10-23,572
2019-10-24,567
2019-10-25,562
2019-10-26,557
2019-10-27,552
2019-10-28,547
2019-10-29,542
2019-10-30,537
2019-10-31,531
2019-11-01,526
2019-11-02,521
2019-11-03,516
2019-11-04,512
2019-11-05,507
2019-11-06,502
2019-11-07,497
2019-11-08,492
2019-11-09,487
2019-11-10,482
2019-11-11,478
2019-11-12,473
2019-11-13,469
2019-11-14,464
2019-11-15,459
2019-11-16,455
2019-11-17,451
2019-11-18,446
2019-11-19,442
2019-11-20,438
2019-11-21,434
2019-11-22,430
2019-11-23,426
2019-11-24,422
2019-11-25,418
2019-11-26,414
2019-11-27,411
2019-11-28,407
2019-11-29,404
2019-11-30,400
2019-12-01,397
2019-12-02,394
2019-12-03,391
2019-12-04,388
2019-12-05,386
2019-12-06,383
2019-12-07,381
2019-12-08,379
2019-12-09,376
2019-12-10,374
2019-12-11,373
2019-12-12,371
2019-12-13,370
2019-12-14,368
2019-12-15,367
2019-12-16,366
2019-12-17,365
2019-12-18,365
2019-12-19,364
2019-12-20,364
2019-12-21,364
2019-12-22,364
2019-12-23,364
2019-12-24,364
2019-12-25,365
2019-12-26,366
2019-12-27,367
2019-12-28,368
2019-12-29,369
2019-12-30,370
2019-12-31,372
2020-01-01,374
2020-01-02,376
2020-01-03,378
2020-01-04,380
2020-01-05,382
2020-01-06,385
2020-01-07,387
2020-01-08,390
2020-01-09,393
2020-01-10,396
2020-01-11,399
2020-01-12,402
2020-01-13,406
2020-01-14,409
2020-01-15,413
2020-01-16,417
2020-01-17,420
2020-01-18,424
2020-01-19,428
2020-01-20,432
2020-01-21,436
2020-01-22,441
2020-01-23,445
2020-01-24,449
2020-01-25,454
2020-01-26,458
2020-01-27,463
2020-01-28,467
2020-01-29,472
2020-01-30,477
2020-01-31,481
2020-02-01,486
2020-02-02,491
2020-02-03,496
2020-02-04,501
2020-02-05,506
2020-02-06,511
2020-02-07,516
2020-02-08,521
2020-02-09,526
2020-02-10,531
2020-02-11,536
2020-02-12,541
2020-02-13,546
2020-02-14,551
2020-02-15,557
2020-02-16,562
2020-02-17,567
2020-02-18,572
2020-02-19,577
2020-02-20,583
2020-02-21,588
2020-02-22,593
2020-02-23,598
2020-02-24,604
2020-02-25,609
2020-02-26,614
2020-02-27,620
2020-02-28,625
2020-02-29,630
2020-03-01,636
2020-03-02,641
2020-03-03,646
2020-03-04,652
2020-03-05,657
2020-03-06,662
2020-03-07,668
2020-03-08,673
2020-03-09,678
2020-03-10,684
2020-03-11,689
2020-03-12,694
2020-03-13,700
2020-03-14,705
2020-03-15,710
2020-03-16,716
2020-03-17,721
2020-03-18,726
2020-03-19,732
2020-03-20,737
2020-03-21,742
2020-03-22,748
2020-03-23,753
2020-03-24,758
2020-03-25,764
2020-03-26,769
2020-03-27,774
2020-03-28,780
2020-03-29,785
2020-03-30,790
2020-03-31,796
2020-04-01,801
2020-04-02,806
2020-04-03,812
2020-04-04,817
2020-04-05,822
2020-04-06,828
2020-04-07,833
2020-04-08,838
2020-04-09,844
2020-04-10,849
2020-04-11,854
2020-04-12,859
2020-04-13,865
2020-04-14,870
2020-04-15,875
2020-04-16,881
2020-04-17,886
2020-04-18,891
2020-04-19,896
2020-04-20,901
2020-04-21,907
2020-04-22,912
2020-04-23,917
2020-04-24,922
2020-04-25,927
2020-04-26,932
2020-04-27,938
2020-04-28,943
2020-04-29,948
2020-04-30,953
2020-05-01,958
2020-05-02,963
2020-05-03,968
2020-05-04,973
2020-05-05,978
2020-05-06,982
2020-05-07,987
2020-05-08,992
2020-05-09,997
2020-05-10,1002
2020-05-11,1006
2020-05-12,1011
2020-05-13,1015
2020-05-14,1020
2020-05-15,1024
2020-05-16,1029
2020-05-17,1033
2020-05-18,1038
2020-05-19,1042
2020-05-20,1046
2020-05-21,1050
2020-05-22,1054
2020-05-23,1058
2020-05-24,1062
2020-05-25,1065
2020-05-26,1069
2020-05-27,1073
2020-05-28,1076
2020-05-29,1079
2020-05-30,1083
2020-05-31,1086
2020-06-01,1089
2020-06-02,1092
2020-06-03,1094
2020-06-04,1097
2020-06-05,1100
2020-06-06,1102
2020-06-07,1104
2020-06-08,1106
2020-06-09,1108
2020-06-10,1110
2020-06-11,1111
2020-06-12,1113
2020-06-13,1114
2020-06-14,1115
2020-06-15,1116
2020-06-16,1117
2020-06-17,1117
2020-06-18,1118
2020-06-19,1118
2020-06-20,1118
2020-06-21,1118
2020-06-22,1118
2020-06-23,1117
2020-06-24,1117
2020-06-25,1116
2020-06-26,1115
2020-06-27,1114
2020-06-28,1113
2020-06-29,1111
2020-06-30,1110
2020-07-01,1108
2020-07-02,1106
2020-07-03,1104
2020-07-04,1102
2020-07-05,1099
2020-07-06,1097
2020-07-07,1094
2020-07-08,1092
2020-07-09,1089
2020-07-10,1086
2020-07-11,1083
2020-07-12,1079
2020-07-13,1076
2020-07-14,1073
2020-07-15,1069
2020-07-16,1066
2020-07-17,1062
2020-07-18,1058
2020-07-19,1054
2020-07-20,1050
2020-07-21,1046
2020-07-22,1042
2020-07-23,1038
2020-07-24,1034
2020-07-25,1029
2020-07-26,1025
2020-07-27,1020
2020-07-28,1016
2020-07-29,1011
2020-07-30,1007
2020-07-31,1002
2020-08-01,998
2020-08-02,993
2020-08-03,988
2020-08-04,983
2020-08-05,978
2020-08-06,974
2020-08-07,969
2020-08-08,964
2020-08-09,959
2020-08-10,954
2020-08-11,949
2020-08-12,944
2020-08-13,939
2020-08-14,934
2020-08-15,929
2020-08-16,924
2020-08-17,919
2020-08-18,914
2020-08-19,908
2020-08-20,903
2020-08-21,898
2020-08-22,893
2020-08-23,888
2020-08-24,883
2020-08-25,877
2020-08-26,872
2020-08-27,867
2020-08-28,862
2020-08-29,857
2020-08-30,852
2020-08-31,846
2020-09-01,841
2020-09-02,836
2020-09-03,831
2020-09-04,825
2020-09-05,820
2020-09-06,815
2020-09-07,810
2020-09-08,804
2020-09-09,799
2020-09-10,794
2020-09-11,789
2020-09-12,783
2020-09-13,778
2020-09-14,773
2020-09-15,768
2020-09-16,762
2020-09-17,757
2020-09-18,752
2020-09-19,747
2020-09-20,741
2020-09-21,736
2020-09-22,731
2020-09-23,726
2020-09-24,720
2020-09-25,715
2020-09-26,710
2020-09-27,705
2020-09-28,699
2020-09-29,694
2020-09-30,689
2020-10-01,683
2020-10-02,678
2020-10-03,673
2020-10-04,668
2020-10-05,662
2020-10-06,657
2020-10-07,652
2020-10-08,647
2020-10-09,641
2020-10-10,636
2020-10-11,631
2020-10-12,626
2020-10-13,620
2020-10-14,615
2020-10-15,610
2020-10-16,605
2020-10-17,600
2020-10-18,594
2020-10-19,589
2020-10-20,584
2020-10-21,579
2020-10-22,574
2020-10-23,568
2020-10-24,563
2020-10-25,558
2020-10-26,553
2020-10-27,548
2020-10-28,543
2020-10-29,538
2020-10-30,533
2020-10-31,528
2020-11-01,523
2020-11-02,518
2020-11-03,513
2020-11-04,508
2020-11-05,503
2020-11-06,498
2020-11-07,493
2020-11-08,488
2020-11-09,484
2020-11-10,479
2020-11-11,474
2020-11-12,470
2020-11-13,465
2020-11-14,461
2020-11-15,456
2020-11-16,452
2020-11-17,447
2020-11-18,443
2020-11-19,439
2020-11-20,435
2020-11-21,431
2020-11-22,427
2020-11-23,423
2020-11-24,419
2020-11-25,415
2020-11-26,411
2020-11-27,408
2020-11-28,405
2020-11-29,401
2020-11-30,398
2020-12-01,395
2020-12-02,392
2020-12-03,389
2020-12-04,386
2020-12-05,384
2020-12-06,381
2020-12-07,379
2020-12-08,377
2020-12-09,375
2020-12-10,373
2020-12-11,371
2020-12-12,370
2020-12-13,369
2020-12-14,367
2020-12-15,366
2020-12-16,365
2020-12-17,365
2020-12-18,364
2020-12-19,364
2020-12-20,364
2020-12-21,364
2020-12-22,364
2020-12-23,364
2020-12-24,365
2020-12-25,365
2020-12-26,366
2020-12-27,367
2020-12-28,369
2020-12-29,370
2020-12-30,372
2020-12-31,373
